<?xml version="1.0" encoding="UTF-8"?>
<project-private xmlns="http://www.netbeans.org/ns/project-private/1">
    <editor-bookmarks xmlns="http://www.netbeans.org/ns/editor-bookmarks/2" lastBookmarkId="0"/>
    <open-files xmlns="http://www.netbeans.org/ns/projectui-open-files/2">
        <group>
            <file>file:/C:/Users/DEVESH_G/Documents/NetBeansProjects/Blood_&amp;_Oxygen_Bank/src/BloodStock.java</file>
            <file>file:/C:/Users/DEVESH_G/Documents/NetBeansProjects/Blood_&amp;_Oxygen_Bank/src/DBconnect.java</file>
            <file>file:/C:/Users/DEVESH_G/Documents/NetBeansProjects/Blood_&amp;_Oxygen_Bank/src/BloodDonation.java</file>
            <file>file:/C:/Users/DEVESH_G/Documents/NetBeansProjects/Blood_&amp;_Oxygen_Bank/src/Oxygen.java</file>
            <file>file:/C:/Users/DEVESH_G/Documents/NetBeansProjects/Blood_&amp;_Oxygen_Bank/src/DonorDetails.java</file>
            <file>file:/C:/Users/DEVESH_G/Documents/NetBeansProjects/Blood_&amp;_Oxygen_Bank/src/Login.java</file>
            <file>file:/C:/Users/DEVESH_G/Documents/NetBeansProjects/Blood_&amp;_Oxygen_Bank/src/Registration.java</file>
            <file>file:/C:/Users/DEVESH_G/Documents/NetBeansProjects/Blood_&amp;_Oxygen_Bank/src/Update.java</file>
            <file>file:/C:/Users/DEVESH_G/Documents/NetBeansProjects/Blood_&amp;_Oxygen_Bank/src/DonorReport.java</file>
            <file>file:/C:/Users/DEVESH_G/Documents/NetBeansProjects/Blood_&amp;_Oxygen_Bank/src/MenuBar.java</file>
        </group>
    </open-files>
</project-private>
